{
  "timestamp": "2026-05-09T06:00:36.892684",
  "today": {
    "by_provider": {},
    "total": 0,
    "models": []
  },
  "week": {
    "by_provider": {
      "anthropic": 0.006,
      "minimax": 0.000131
    },
    "total": 0.006131
  },
  "hourly_24h": [
    {
      "hour": "11:00",
      "cost": 0.000106
    },
    {
      "hour": "08:00",
      "cost": 0.006025
    }
  ]
}