{
  "timestamp": "2026-05-08T22:00:08.812055",
  "today": {
    "by_provider": {
      "anthropic": 0.006,
      "minimax": 0.000131
    },
    "total": 0.006131,
    "models": [
      {
        "name": "claude-haiku-4-5-20251001",
        "cost": 0.006,
        "requests": 3
      },
      {
        "name": "minimax/m2.7",
        "cost": 0.000131,
        "requests": 2
      }
    ]
  },
  "week": {
    "by_provider": {
      "anthropic": 0.006,
      "minimax": 0.000131
    },
    "total": 0.006131
  },
  "hourly_24h": [
    {
      "hour": "11:00",
      "cost": 0.000106
    },
    {
      "hour": "08:00",
      "cost": 0.006025
    }
  ]
}